{
  "Questions": {
    "1": {
      "text": "Ваше имя",
      "type": "opened",
      "options": null
    },
    "2": {
      "text": "Ваш возраст",
      "type": "opened",
      "options": null
    },
    "3": {
      "text": "Как часто вы играете в Майнкрафт?",
      "type": "multiple_choice",
      "options": [
        "Каждый день",
        "Раз в неделю",
        "Ни в коем случае"
      ]
    },
    "4": {
      "text": "Какую версию Майнкрафта вы предпочитаете играть?",
      "type": "multiple_choice",
      "options": [
        "Последнюю версию",
        "Старые версии",
        "Не имею предпочтений"
      ]
    },
    "5": {
      "text": "Что вы любите больше всего делать в Майнкрафте?",
      "type": "multiple_choice",
      "options": [
        "Строить здания",
        "Исследовать мир",
        "Сражаться с монстрами"
      ]
    },
    "6": {
      "text": "Какой режим игры вы предпочитаете?",
      "type": "multiple_choice",
      "options": [
        "Творческий",
        "Выживание",
        "Приключение "
      ]
    },
    "7": {
      "text": "Сколько модов в Майнкрафте вы пробовали?",
      "type": "multiple_choice",
      "options": [
        "Больше 10 модов",
        "От 5 до 10 модов",
        "Меньше 5 модов"
      ]
    },
    "8": {
      "text": "Какие из нововведений в последней версии Майнкрафта вам понравились больше всего?",
      "type": "multiple_choice",
      "options": [
        "Обновленный мир темного леса",
        "Жуткие скримеры",
        "Берсерки, которые атакуют деревни",
        "Ничего нового не понравилось "
      ]
    },
    "9": {
      "text": "Какие сложности врозьникли во время игры в Майнкрафт?",
      "type": "multiple_choice",
      "options": [
        "Сложно найти необходимые ресурсы",
        "Непонятный геймплей",
        "Нет сложностей"
      ]
    },
    "10": {
      "text": "Какой ваш любимый блок в Майнкрафте?",
      "type": "multiple_choice",
      "options": [
        "Блок команды",
        "Блок воспитания",
        "Блок огня"
      ]
    },
    "11": {
      "text": "Какой вид монстра в Майнкрафте самый опасный?",
      "type": "multiple_choice",
      "options": [
        "Криперы",
        "Зомби-пиглины",
        "Эндермены"
      ]
    }
  }
}